,filename,genre
0,隔壁阿超 - 四块五的妞,
1,Tones And I - Dance Monkey,
2,蓝色海 黑色河 (DJ版),
3,Bob Marley & The Wailers - Small Axe (Paul & Price Remix),
4,蓝心羽 - 123木头人 (片段),
5,MAMAMOO - Wind flower,
6,We Will Rock You (Live),
7,ZeroSeven - 奥利给,
8,刘明湘 - 漂洋过海来看你 (Remix),
9,Shooting Flight,
10,我喜欢的人总是有女朋友,
11,佛系少女,
12,普通女孩,
13,我已经爱上你 (正式版),
14,"Itzhak Perlman - 24 Caprices, Op.1_ No. 2 in B Minor",
15,3Film Festival ～Consultation～ (口白),
16,Someday,
17,Akon - Right Now (Na Na Na),
18,告白 (原唱_沈以诚),
19,100 Ways (MK Remix),
20,When You Left Me 02,
21,Fallout 4 Main Theme,
22,桜の木の下で,
23,Yellow (Yellow) (原唱_有機酸),
24,grass_harvest,
25,SAD! & XO Tour Life (COVER),
26,BBOOM BBOOM (BBOOMBBOOM),
27,动物园里的大象与河马幸福的生活在了一起,
28,小朋友她现在不想谈恋爱 (Live),
29,7895,
30,别再问我什么是迪斯科（翻自 新裤子）,
31,Ingrid Michaelson - Everybody,
32,桃花笑 (cover_ 汪睿),
33,最后的圣诞节piano.ver,
34,Life Is Good (Explicit),
35,REBORN (セリver.),
36,It G Ma (Spazzkid Bootleg),
37,"Prayer in C(Originally Performed By Lilly Wood & The Prick And Robin Schulz, Instrumental Version)",
38,wonderful u（抖音片段） (原唱_ AGA),
39,wonderful u（抖音片段） (原唱_ AGA),
40,wonderful u（抖音片段） (原唱_ AGA),
41,Aku Suka Body Mama Muda (抖音热搜版),
42,Aku Suka Body Mama Muda (抖音热搜版),
43,Aku Suka Body Mama Muda (抖音热搜版),
44,爱的魔法(1),
45,Melody Remix,
46,We Will Rock You (Live),
47,Barbara Lexa und Rupert Frank - Da Froschkini,
48,Luh Kel - Pull Up (Explicit),
49,Nine Treasures - Tes River's Hymn,
50,王英涛 - 紫霞仙子 (露娜),
51,李奕遐 - 那时正好 (女生版),
52,りりあ - september调子はどうだい (片段),
53,金莎 - 爱的魔法,
54,阿悠悠 - 旧梦一场 (DJ沈念版),
55,刘若英 - 后来,
56,纯音乐 - 雨碎江南 (琵琶版),
57,Masque_Jupiter - 千本樱 (钢琴版),
58,海来阿木 - 你的万水千山 (DJ沈念版),
59,69、DJ蒋先生、虞姬、多多 - 热门旋律 (DJ完整版),
60,李有诗 - 胖子多棒 (片段),
61,庄心妍 - 捉泥鳅 (Live),
62,音阙诗听、流芒菌 - 一寒辞,
63,李玉刚 - 水墨丹青 (Live),
64,承利 - 热火斯卡拉 (DJ版),
65,SEVENTEEN - 울고 싶지 않아 (Don't Wanna Cry) (不想哭 (Live),
66,E.VN艺玮 - 群星-巴塞哦+大大大+857+Right on time 合集 mash up (remix),
67,Hailey Rowe - My Boyfriend Is Gay,
68,69 - 攀娘举牌 (DJ版),
69,大石桥联盟 - 浪子回头 (改编版),
70,小阿七 - 点歌的人 (片段),
71,八三夭 - 想见你想见你想见你,
72,SEVENTEEN - 울고 싶지 않아 (Don't Wanna Cry) (不想哭 (Live),
73,DJ - 感谢缘分让我们相遇 (片段),
74,艾丽娅琪琪格 - 花都开了你来不来 (DJ何鹏版),
75,德惠他宝哥 - 妹妹你等着我 (DJ何鹏版),
76,阿悠悠 - 旧梦一场 (DJ沈念版),
77,小阿枫 - 胆小鬼 (片段),
78,吉他的天空 - 爱情里没有谁对谁错 (Live片段),
79,Bad Style - Time Back (钢琴版),
80,伍佰&China Blue - 再度重相逢 (中四版),
81,司徒兰芳 - 凤凰展翅 (DJ小黑版),
82,小张、亮仔 - 洪荒之力 (改版),
83,Blonde Redhead - For the Damaged Coda,
84,小阿七 - 情深深雨濛濛 (片段),
85,嘉琪先生 - 孤芳自赏 (改编版),
86,"LEE HI - 1,2,3,4 (원,투,쓰리,포)",
87,王恰恰 - 想起了你 (片段),
88,卢一帆 - 杨花落尽子规啼,
89,前男友 - 其实我想说的还有很多,
90,Tank - 三国恋,
91,Andre Gagnon - 小さい春 (innocent version),
92,小曼 - 只要你还需要我 (DJ何鹏版),
93,肖宇帆 - MFBTY (Remix),
94,小张、亮仔 - 洪荒之力 (改版),
95,张茜 - 两个世界 (片段),
96,半吨兄弟 - 爱情错觉 (DJ小鱼儿版),
97,Chucho Valdés - Son (片段),
98,Falcom Sound Team jdk - 君を忘れてた (忘了还有你),
99,"李宇春 - 下个,路口,见",
100,网络歌手 - 胖子多棒 (女声版片段),
101,221小伙伴 - 遥远的你 (正式版),
102,慕容晓晓 - 黄梅戏 (DJ Candy版),
103,慕容晓晓、办桌二人组 - 疯狂爱爱爱 (DJ何鹏版),
104,春花秋月 - 白天的月亮 (广场舞),
105,Loick Essien - Lego House (Live),
106,A Corda em Si - Béradêro,
107,爱 存在 (DJ版),
108,"黄静美 - 以前打扰了,以后不会了 (DJ版)",
109,你莫走 (DJ版),
110,Taylor Swift - Love Story (2015 1989世界巡回演唱会悉尼站),
111,原来是萝卜丫 - 魔法城堡,
112,韩子曦 - 总在一瞬间长大 (DJ版),
113,你莫走 (DJ版),
114,晨曦 - 好喜欢你,
115,云菲菲 - 小小新娘花 (广场舞),
116,69 - 蓝色海黑色河 (DJ版),
117,王浩 - 大笨钟 (片段),
118,网络歌手 - 微笑吧 (DJ版片段),
119,颜人中、Tizzy T、艾福杰尼、余佳运、Vinida万妮达 - 即兴freestyle (Live),
120,ai8 - 18 Mne Uzhe (重置版),
121,莫问归期,
122,爱江山更爱美人 (Live),
123,爱江山更爱美人 (Live),
124,旧梦一场(改编DJ) (改编版原唱_ 阿悠悠),
125,大丈夫 (1996爱与交响曲演唱会),
126,大丈夫 (1996爱与交响曲演唱会),
127,你是人间四月天 (电摇),
128,EA7帅气街拍 (DJ版),
129,林俊杰 - 背对背拥抱,
130,旧梦一场(改编DJ) (改编版原唱_ 阿悠悠),
131,你是我拒绝别人的理由 (DJ Candy Extended),
132,你是我拒绝别人的理由 (DJ Candy Extended),
133,你是人间四月天 (电摇),
134,流年兮,
135,Emma Sameth - Spin With You,
136,爸爸妈妈（片段） (原唱_ 李荣浩),
137,安和桥 (原唱_ 宋冬野),
138,以嗨治丧,
139,你是人间四月天 (电摇),
140,记录欢呼时刻,
141,DEDEDE,
142,Aku Suka Body Mama Muda (抖音热搜版),
143,我的天空 (原唱_ 南征北战NZBZ),
144,诗游凉 - 我们背对背拥抱 (DJ版),
145,阿悠悠 - 你懂得 (片段),
146,杨顺高、凯小晴 - 不爱我就别伤害我,
147,Good正点 - like That (完整DJ原版),
148,恩甸大发 - 다시 너를(再次见到你) (翻自 金娜英),
149,刘妍菲 - 炸山姑娘,
150,陈品瑄、冯若航、孔雪儿、林小宅、虞书欣 - 我怎么这么好看 (Live),
151,思思 - 你是我唯一的执着 (片段),
152,雅欣跑调大王 - 一定的年纪 (片段),
153,龚玥 - 烟花三月 (广场舞),
154,张大千子 - Blueming (改编版片段),
155,deko、YAMEII - PHANTASY STARONLINE,
156,原来是萝卜丫 - 魔法城堡,
157,光宗信吉 - 神の怒り,
158,Emma Sameth、Jeremy Zucker、Wolfe - Spin With You,
159,要不要买菜 - 火红的萨日朗,
160,69 - 热播就对了,
161,阿木 - 追梦人,
162,小沈阳、沈春阳 - 你懂得,
163,Luc Arbogast - Oreflam,
164,69、DJ蒋先生、虞姬、多多 - 热门旋律 (DJ完整版),
165,Steve Gibbons Band - The Waiting Game,
166,维艾迪娅 - 一千个伤心的理由 (片段),
167,Linkin Park、Steve Aoki - Darker Than The Light That Never Bleeds (ChesterForeverSteveAokiRemix),
168,BOBBY - 사랑했나봐 (也许爱过吧)(2017蒙面歌王现场),
169,苏6 - 社会人专用 (DJ版),
170,花姐 - 要爱你就来 (DJ版),
171,hanser - 室内系的TrackMaker,
172,李有诗 - 胖子多棒 (片段),
173,张大千子 - Blueming (改编版片段),
174,Falcom Sound Team jdk - 君を忘れてた (忘了还有你),
175,Smelly D - 魔动闪霸#对手 (Live),
176,刘晓 - 最后的倾诉 (四步),
177,Andre Gagnon - 小さい春 (innocent version),
178,半吨兄弟 - 最美的伤口 (片段),
179,师硕晗 - 我原以为 (片段),
180,DJ - Vitas《Mama》音轨精曲抒情慢摇 (DJ版),
181,杨顺高、凯小晴 - 不爱我就别伤害我,
182,承利、kene - 入戏太深 (DJ kene版),
183,Fathead Johnson - Hawaii 5-0 (OriginalMix),
184,Queen - We Will Rock You,
185,张晓棠 - 苏幕遮,
186,蓝心羽 - 有你的快乐 (片段),
187,赵雷 - 成都,
188,志泽、虞姬 - 萨克斯男唱,
189,赵霏儿 - 你是我拒绝别人的理由 (DJ Candy版),
190,宋雅萌 - 素颜 (Feat.文韬),
191,Unkown Artists - Industrial Unrest (Main Track_30 Sec),
192,蒋雪儿 - 莫问归期 (DJ徐子杨版),
193,中島美嘉 - 僕が死のうと思ったのは (曾经我也想过一了百了),
194,马阿俊 - 最佳说唱,
195,半吨兄弟 - 我爱你不问归期 (片段),
196,张大千子 - Blueming (改编版片段),
197,AnDyWuMUSICLAND - Something Just Like This (Megamix),
198,邓伦 - 烟花易冷 (2019《快乐大本营》现场),
199,M哥 - 爱情错觉 (片段),
200,嘉琪先生 - 孤芳自赏 (改编版),
201,戴梦词 - 哒嗯哒嗯+大大大 (DJ版),
202,小猫多鱼 - это ли счастье (热搜版),
203,IU - 팔레트 (调色盘)(2017 SBS人气歌谣现场),
204,村松健 - 朝なんぎいの唄~南行きの小船の上で,
205,饭思思 - #可能我撞了南墙才会回头吧#今天你被这首魔性民谣洗脑了吗#,
206,永彬Ryan.B、狄迪 - 小鹿乱撞,
207,丁靖懿 - 玛尼情歌,
208,雪十郎 - 谁 (DJ何鹏版),
209,山水组合 - 你莫走 (DJ版),
210,沈木 - 来给生活比个耶 (全网热播版),
211,是你的垚 - 那些你很冒险的梦 (片段),
212,小阿枫 - 最远的你是我最近的爱,
213,孙方 - 有多少 (DJ版),
214,布袋寅泰 - Battle Without Honor Or Humanity,
215,July Tun - ᥓᥣᥭᥰ ᥟᥣᥢ ᥐᥧᥭᥱ (片段),
216,P.I.M.P (Remix),
217,孤芳自赏 (改编版原唱_ 杨小壮_DJ弹鼓版),
218,范晓萱 - 稍息立正站好,
219,范晓萱 - 稍息立正站好,
220,Croatia Squad - The D Machine (DJ版),
221,北京蓝天艺术合唱小组 - 生日歌,
222,Aku Suka Body Mama Muda (抖音热搜版),
223,Say So (Explicit),
224,布谷鸟 (cover：安子与九妹),
225,布谷鸟 (cover：安子与九妹),
226,旧梦一场(改编DJ) (改编版原唱_ 阿悠悠),
227,summertime (夏日时光),
228,王者荣耀单挑王超燃BGM,
229,王者荣耀单挑王超燃BGM,
230,重要的事情说三遍,
231,勇敢爱 (原唱_ Mi2),
232,一直看见天使 (纯音乐),
233,一直看见天使 (纯音乐),
234,给我点个赞,
235,你是我拒绝别人的理由 (DJ Candy Extended),
236,Aku Suka Body Mama Muda (抖音热搜版),
237,DJ - 玩腻 (加快版DJ),
238,69、DJ蒋先生、虞姬、多多 - 热门旋律 (DJ完整版),
239,新旭 - Be Your Sun (DJ版),
240,汪苏泷 - 万有引力,
241,新旭 - Be Your Sun (DJ版),
242,Loick Essien - Lego House (Live),
243,虞姬、齐羽 - 这样的电你喜欢吗,
244,凤凰传奇 - 快乐无极限,
245,"Astronomia (Santti, Dan K Remix)",
246,Sara Anderson - Saint Sophia. Mosaics. Deesis,
247,July Tun - ᥓᥣᥭᥰ ᥟᥣᥢ ᥐᥧᥭᥱ (片段),
248,旧梦一场(改编DJ) (改编版原唱_ 阿悠悠),
249,Blame (Tim Gunter Remix),
250,失眠飞行 (cover_ 沈以诚_薛明媛),
251,Wipe It Down (Explicit),
252,海底 (铃声),
253,刘德华 - 情缘等足一辈子,
254,徐一鸣 - 爱情红绿灯,
255,谢雨锋 - 七夕情人节为阿美录制,
256,韩子曦 - 万有引力 (枪声版),
257,顾y泽 - 失而复得,
258,汪苏泷 - 万有引力,
259,69 - 攀娘举牌 (DJ版),
260,Chucho Valdés - Son (片段),
261,徐祖建 - 夜嗨旋律 (DJ版),
262,陈不羞羞呀 - 玛卡巴卡,
263,白小白 - 万有引力 (片段),
264,巫娜 - 一念心清淨,
265,JINACTION - Turn Down For What (JIN Bootleg JIN Bootleg Pack),
266,顾y泽 - 失而复得,
267,gael chiarella - Living Serenity (Album Version),
268,韩子曦、柳州DJ阿祥 - 越南大鼓神节奏 (DJ版),
269,July Tun - ᥓᥣᥭᥰ ᥟᥣᥢ ᥐᥧᥭᥱ (片段),
270,晨曦 - 好喜欢你,
271,魏新雨 - 恋人心,
272,旧梦一场(改编DJ) (改编版原唱_ 阿悠悠),
273,布谷鸟 (cover：安子与九妹),
274,陈塘关哪吒 (DJ版),
275,减肥歌,
276,布谷鸟 (cover：安子与九妹),
277,EA7嘟嘟喂嘟嘟 不摇都是猪,
278,EA7嘟嘟喂嘟嘟 不摇都是猪,
279,EA7嘟嘟喂嘟嘟 不摇都是猪,
280,サンデーモーニング (星期天的早晨),
281,孤芳自赏 (改编版),
282,孤芳自赏 (改编版),
283,官方回答 (抖音完整原版),
284,官方回答 (抖音完整原版),
285,啤啤旋律 (片段),
286,啤啤旋律 (片段),
287,官方回答 (抖音完整原版),
288,啤啤旋律 (片段),
289,官方回答 (抖音完整原版),
290,有何不可 (原唱_ 许嵩),
291,有何不可 (原唱_ 许嵩),
292,你存在,
293,大田後生仔 (Remix),
294,Into the Pavement (Frederik Olufsen Remix),
295,孤芳自赏 (改编版),
296,孤芳自赏 (改编版),
297,宇轩Remix、凌嫣 - 酒醉的蝴蝶 (DJ宇轩2020ReMix水兵舞版),
298,孤芳自赏 (改编版),
299,Bob Marley & The Wailers - Small Axe (Paul & Price Remix),
300,孤芳自赏 (改编版),
301,孤芳自赏 (改编版),
302,孤芳自赏 (改编版),
303,孤芳自赏 (改编版),
304,麦小兜 - 一点点+小星星 (片段),
305,孤芳自赏 (改编版),
306,孤芳自赏 (改编版),
307,孤芳自赏 (改编版),
308,贝瓦儿歌 - 小星星,
309,孤芳自赏 (改编版),
310,萧忆情Alex - 不谓侠,
311,Robert Haigh - Clear Water,
312,一风之音 - 女生大姨妈来了到底有多疼#男人们好好疼你女友老婆吧!,
313,一风之音 - 女生大姨妈来了到底有多疼#男人们好好疼你女友老婆吧!,
314,Rizky Ayuba、DJ Haning - You Know I'll Go Get,
315,于梓贝 - 处处吻 (正式版),
316,今夜的你又在和谁约会,
317,ཁྱེད་དང་མཇལ།,
318,정의송 - 그랬었구나(듀엣 버전),
319,NINEONE # - i don't wanna see u anymore 2019,
320,纯音乐 - 梦中的太阳 (片段),
321,亦伊 - 怪我吧 (DJ沈念版),
322,二咖(东北话配音) - 大哥走路怕过谁 (片段),
323,DJ - 儿时 (DJ阿祥版),
324,阿鲲 - 劳作的春夏秋2 (氛围音乐),
325,GD&T.O.P - 집에 가지마 (不要回家),
326,封茗囧菌、洛少爷 - 花灯游,
327,二咖(东北话配音) - 大哥走路怕过谁 (片段),
328,Funky (Original Mix),
329,10 Minutes (十分钟),
330,光明（DJ阿福版）,
331,送别,
332,苏州好风光,
333,苏州好风光,
334,это ли счастье？ (抖音高潮版),
335,百家春,
336,潮流冠军 (MV版),
337,Funky (Original Mix),
338,相遇的时光,
339,布谷鸟的尖叫声,
340,布谷鸟的尖叫声,
341,我在那一角落患过伤风 (纯音乐),
342,大田後生仔 (Remix),
343,哎呀呀 (cover_ 小爱与花儿乐队),
344,三餐四季,
345,你说你会爱着我,
346,一直看见天使 (纯音乐),
347,贝加尔湖畔,
348,okok嗒呤,
349,夜空中最亮的星 (小果酱 remix),
350,夜空中最亮的星 (小果酱 remix),
351,2NE1 - 난 바빠,
352,100 Ways (MK Remix),
353,100 Ways (MK Remix),
354,Betrayal w_voices (Vocal Version_Full Length),
355,Unkown Artists - Born a Champion (Underscore_Full Length),
356,山山而川 - 一腔诗意喂了狗(女版),
357,a-ha - Foot Of The Mountain (MTV Unplugged),
358,江雨恒歪歌 - 爱拼才会赢 (片段),
359,Zella Day - Sacrifice,
360,兴奋马乐团 - 地下情人,
361,Various Artists - Ain't No Stoppin' Us Now,
362,Capo Productions - Journey,
363,周杰伦 - 听妈妈的话,
364,Chucho Valdés - Son (片段),
365,唐小力 - 最美丽天使 (DJ版),
366,BLACKPINK - (DDU,
367,哑巴新娘,
368,「二胡」雨碎江南,
369,嗜睡,
370,王恰恰 - 三月里的小雨,
371,张大千子 - Blueming (改编版片段),
372,水谷広実 - いいのかな#,
373,刘晓 - 最后的倾诉 (并四版),
374,高进 - 不愿看到你流泪 (DJ晓鹰版),
375,唐小力 - 最美丽天使 (DJ版),
376,大田後生仔 (Remix),
377,七夕 - 感官先生 (Live片段),
378,你是我永远的痛 (DJ何鹏版),
379,都来发,
380,Lady Gaga - The Cure,
381,原创歌手远方 - 中文山曲的士高,
382,许嵩 - 有何不可,
383,冷漠 - 梦中情人,
384,M哥 - 爱情错觉 (片段),
385,涛少君 - 赤伶+人间城 (抖音DJ版),
386,Joy Peters - Don't Loose Your Heart Tonight,
387,你看到的我 (DJ版),
388,我热情似火 你冰冻成河 (DJ原版),
389,相思,
390,想你想你想我 (DJ版),
391,张宇 - 月亮惹的祸,
392,苏名哲 - ##最火换装卡点 (完整原版),
393,小曼 - 只要你还需要我 (DJ何鹏版),
394,封茗囧菌、洛少爷 - 花灯游,
395,Unkown Artists - Born a Champion (Underscore_Full Length),
396,浙音4811(一个大金意) - 拜拜,
397,麦小兜 - 听妈妈的话 (改编版片段),
398,Morello Malt - La Banda (Matt Hanna Bootleg) (Remix),
399,MayPiano - Illusionary Daytime (钢琴版),
400,BOBBY - 사랑했나봐 (也许爱过吧)(2017蒙面歌王现场),
401,Onra - The anthem (Unreleased Extended Version),
402,SHAED - Trampoline (蹦床),
403,苏名哲 - ##最火换装卡点 (完整原版),
404,夏了个天呐 - カトラリー (餐具) (改编版片段),
405,Stories - When You Left Me,
406,汪苏泷 - 万有引力,
407,梁红 - 大眼睛 (女声改编DJ版),
408,阿鲲 - 重庆婆婆做腊肉,
409,浩宝 - 丫蛋蛋  崔铭嘉-口是心非（浩宝 remix）,
410,欧阳耀莹 - 园游会 (节目),
411,Sohail Sen、Shankar Mahadevan、Sunidhi Chauhan、Vishal Dadlani - LTMP Reloaded 26 Non Stop Mix,
412,小匠星、杨智羡 - 做个勇敢的⼩朋友,
413,桃子啊 - 你好坏哦 我好喜欢,
414,胡小宝、门丽 - 哥哥妹妹 (广场舞),
415,张碧晨、杨宗纬 - 凉凉 (DJ版片段),
416,Alicia Keys - Caged Bird (Outro),
417,Linkin Park、Steve Aoki - Darker Than The Light That Never Bleeds (ChesterForeverSteveAokiRemix),
418,皮卡丘多多 - 我和你 (Live片段),
419,Into the Pavement (Frederik Olufsen Remix),
420,C-JET - summer summer,
421,纯音乐 - 千与千寻 (口琴版片段),
422,桃子啊 - 你是人间四月天 (片段),
423,唐子臣 - 你是人间四月天 (完整原版),
424,容祖儿 - 挥着翅膀的女孩,
425,小曼 - 只要你还需要我 (DJ何鹏版),
426,夜夜笙歌 - 阿果吉曲 (最火版),
427,玉儿 - 消愁 (吉他女版),
428,祁隆 - 爱的期限 (DJ Candy版),
429,毗卢遮那佛咒,
430,Peachy!、mxmtoon - Falling for U,
431,是你的垚 - 心墙 (片段),
432,敏少、Mushroom - Monsters (MushrooMRemix),
433,旧梦一场(改编DJ) (改编版原唱_ 阿悠悠),
434,Deepend - Only Love (Extended Mix),
435,布谷鸟 (cover：安子与九妹),
436,布谷鸟 (cover：安子与九妹),
437,锤娜丽莎 - 恋愛サーキュレーション (恋爱循环)(Live片段),
438,布谷鸟 (cover：安子与九妹),
439,清新的小女孩,
440,我这一生 (片段),
441,小行囊 (DJ版),
442,HAVANA+Señorita,
443,你在我心里无人能够代替,
444,透明墙,
445,东西 (原唱_林俊呈),
446,听海 (剧场版),
447,爱你的人不会让你哭,
448,100 Ways (MK Remix),
449,Aku Suka Body Mama Muda (抖音热搜版),
450,Aku Suka Body Mama Muda (抖音热搜版),
451,Aku Suka Body Mama Muda (抖音热搜版),
452,万有引力枪声版 (cover_ 汪苏泷),
453,P.I.M.P (Remix),
454,园园 - 忽然之间 口琴,
455,崔伟立、孙艺琪 - 怎么爱都爱不够 (片段)(DJ何鹏版),
456,纸鹤 - 可愛くなりたい 想变得可爱,
457,AGA - Wonderful U (Demo Version),
458,李林笛子 - 梦中的兰花花 (片段),
459,等什么君 - 慕夏 (DJ超文艺版),
460,范上娥 - 渔舟唱晚 (铃声),
461,Rumbarroco、Laury Gutierrez、Daniela Tosic - Betsy's Silent Movie,
462,夏了个天呐 - カトラリー (餐具) (改编版片段),
463,Barbara Lexa und Rupert Frank - Da Froschkini,
464,漂洋过海来看你 (DJ版),
